<?xml version="1.0" encoding="UTF-8"?>
<con:soapui-project id="0978588e-740b-4509-953d-59b1b89c1eb4" activeEnvironment="Default" name="DAWS" soapui-version="5.6.0" abortOnError="false" runType="SEQUENTIAL" resourceRoot="${projectDir}" xmlns:con="http://eviware.com/soapui/config"><con:settings/><con:interface xsi:type="con:WsdlInterface" id="cbe050e5-ef54-4c91-93c2-6fb69f11326f" wsaVersion="NONE" name="materialServiceImplPortBinding" type="wsdl" bindingName="{http://services.materialpack/}materialServiceImplPortBinding" soapVersion="1_1" anonymous="optional" definition="http://localhost:8080/ws/daws?wsdl" xmlns:xsi="http://www.w3.org/2001/XMLSchema-instance"><con:settings/><con:definitionCache type="TEXT" rootPart="http://localhost:8080/ws/daws?wsdl"><con:part><con:url>http://localhost:8080/ws/daws?wsdl</con:url><con:content><![CDATA[<!--Published by JAX-WS RI at http://jax-ws.dev.java.net. RI's version is JAX-WS RI 2.2.4-b01.-->
<!--Generated by JAX-WS RI at http://jax-ws.dev.java.net. RI's version is JAX-WS RI 2.2.4-b01.-->
<definitions targetNamespace="http://services.materialpack/" name="materialServiceImplService" xmlns:wsu="http://docs.oasis-open.org/wss/2004/01/oasis-200401-wss-wssecurity-utility-1.0.xsd" xmlns:wsp="http://www.w3.org/ns/ws-policy" xmlns:wsp1_2="http://schemas.xmlsoap.org/ws/2004/09/policy" xmlns:wsam="http://www.w3.org/2007/05/addressing/metadata" xmlns:soap="http://schemas.xmlsoap.org/wsdl/soap/" xmlns:tns="http://services.materialpack/" xmlns:xsd="http://www.w3.org/2001/XMLSchema" xmlns="http://schemas.xmlsoap.org/wsdl/">
  <types>
    <xsd:schema>
      <xsd:import namespace="http://services.materialpack/" schemaLocation="http://localhost:8080/ws/daws?xsd=1"/>
    </xsd:schema>
  </types>
  <message name="getProducts">
    <part name="parameters" element="tns:getProducts"/>
  </message>
  <message name="getProductsResponse">
    <part name="parameters" element="tns:getProductsResponse"/>
  </message>
  <message name="getProductlById">
    <part name="parameters" element="tns:getProductlById"/>
  </message>
  <message name="getProductlByIdResponse">
    <part name="parameters" element="tns:getProductlByIdResponse"/>
  </message>
  <message name="deleteProductById">
    <part name="parameters" element="tns:deleteProductById"/>
  </message>
  <message name="deleteProductByIdResponse">
    <part name="parameters" element="tns:deleteProductByIdResponse"/>
  </message>
  <message name="updateProduct">
    <part name="parameters" element="tns:updateProduct"/>
  </message>
  <message name="updateProductResponse">
    <part name="parameters" element="tns:updateProductResponse"/>
  </message>
  <message name="addProduct">
    <part name="parameters" element="tns:addProduct"/>
  </message>
  <message name="addProductResponse">
    <part name="parameters" element="tns:addProductResponse"/>
  </message>
  <portType name="materialServiceImpl">
    <operation name="getProducts">
      <input wsam:Action="http://services.materialpack/materialServiceImpl/getProductsRequest" message="tns:getProducts"/>
      <output wsam:Action="http://services.materialpack/materialServiceImpl/getProductsResponse" message="tns:getProductsResponse"/>
    </operation>
    <operation name="getProductlById">
      <input wsam:Action="http://services.materialpack/materialServiceImpl/getProductlByIdRequest" message="tns:getProductlById"/>
      <output wsam:Action="http://services.materialpack/materialServiceImpl/getProductlByIdResponse" message="tns:getProductlByIdResponse"/>
    </operation>
    <operation name="deleteProductById">
      <input wsam:Action="http://services.materialpack/materialServiceImpl/deleteProductByIdRequest" message="tns:deleteProductById"/>
      <output wsam:Action="http://services.materialpack/materialServiceImpl/deleteProductByIdResponse" message="tns:deleteProductByIdResponse"/>
    </operation>
    <operation name="updateProduct">
      <input wsam:Action="http://services.materialpack/materialServiceImpl/updateProductRequest" message="tns:updateProduct"/>
      <output wsam:Action="http://services.materialpack/materialServiceImpl/updateProductResponse" message="tns:updateProductResponse"/>
    </operation>
    <operation name="addProduct">
      <input wsam:Action="http://services.materialpack/materialServiceImpl/addProductRequest" message="tns:addProduct"/>
      <output wsam:Action="http://services.materialpack/materialServiceImpl/addProductResponse" message="tns:addProductResponse"/>
    </operation>
  </portType>
  <binding name="materialServiceImplPortBinding" type="tns:materialServiceImpl">
    <soap:binding transport="http://schemas.xmlsoap.org/soap/http" style="document"/>
    <operation name="getProducts">
      <soap:operation soapAction=""/>
      <input>
        <soap:body use="literal"/>
      </input>
      <output>
        <soap:body use="literal"/>
      </output>
    </operation>
    <operation name="getProductlById">
      <soap:operation soapAction=""/>
      <input>
        <soap:body use="literal"/>
      </input>
      <output>
        <soap:body use="literal"/>
      </output>
    </operation>
    <operation name="deleteProductById">
      <soap:operation soapAction=""/>
      <input>
        <soap:body use="literal"/>
      </input>
      <output>
        <soap:body use="literal"/>
      </output>
    </operation>
    <operation name="updateProduct">
      <soap:operation soapAction=""/>
      <input>
        <soap:body use="literal"/>
      </input>
      <output>
        <soap:body use="literal"/>
      </output>
    </operation>
    <operation name="addProduct">
      <soap:operation soapAction=""/>
      <input>
        <soap:body use="literal"/>
      </input>
      <output>
        <soap:body use="literal"/>
      </output>
    </operation>
  </binding>
  <service name="materialServiceImplService">
    <port name="materialServiceImplPort" binding="tns:materialServiceImplPortBinding">
      <soap:address location="http://localhost:8080/ws/daws"/>
    </port>
  </service>
</definitions>]]></con:content><con:type>http://schemas.xmlsoap.org/wsdl/</con:type></con:part><con:part><con:url>http://localhost:8080/ws/daws?xsd=1</con:url><con:content><![CDATA[<!--Published by JAX-WS RI at http://jax-ws.dev.java.net. RI's version is JAX-WS RI 2.2.4-b01.-->
<xs:schema version="1.0" targetNamespace="http://services.materialpack/" xmlns:tns="http://services.materialpack/" xmlns:xs="http://www.w3.org/2001/XMLSchema">
  <xs:element name="addProduct" type="tns:addProduct"/>
  <xs:element name="addProductResponse" type="tns:addProductResponse"/>
  <xs:element name="deleteProductById" type="tns:deleteProductById"/>
  <xs:element name="deleteProductByIdResponse" type="tns:deleteProductByIdResponse"/>
  <xs:element name="getProductlById" type="tns:getProductlById"/>
  <xs:element name="getProductlByIdResponse" type="tns:getProductlByIdResponse"/>
  <xs:element name="getProducts" type="tns:getProducts"/>
  <xs:element name="getProductsResponse" type="tns:getProductsResponse"/>
  <xs:element name="updateProduct" type="tns:updateProduct"/>
  <xs:element name="updateProductResponse" type="tns:updateProductResponse"/>
  <xs:complexType name="deleteProductById">
    <xs:sequence>
      <xs:element name="arg0" type="xs:int"/>
    </xs:sequence>
  </xs:complexType>
  <xs:complexType name="deleteProductByIdResponse">
    <xs:sequence>
      <xs:element name="return" type="xs:boolean"/>
    </xs:sequence>
  </xs:complexType>
  <xs:complexType name="updateProduct">
    <xs:sequence>
      <xs:element name="arg0" type="tns:product" minOccurs="0"/>
    </xs:sequence>
  </xs:complexType>
  <xs:complexType name="product">
    <xs:sequence>
      <xs:element name="id" type="xs:int"/>
      <xs:element name="name" type="xs:string" minOccurs="0"/>
      <xs:element name="quantity" type="xs:int"/>
    </xs:sequence>
  </xs:complexType>
  <xs:complexType name="updateProductResponse">
    <xs:sequence>
      <xs:element name="return" type="xs:boolean"/>
    </xs:sequence>
  </xs:complexType>
  <xs:complexType name="getProductlById">
    <xs:sequence>
      <xs:element name="arg0" type="xs:int"/>
    </xs:sequence>
  </xs:complexType>
  <xs:complexType name="getProductlByIdResponse">
    <xs:sequence>
      <xs:element name="return" type="tns:product" minOccurs="0"/>
    </xs:sequence>
  </xs:complexType>
  <xs:complexType name="addProduct">
    <xs:sequence>
      <xs:element name="arg0" type="tns:product" minOccurs="0"/>
    </xs:sequence>
  </xs:complexType>
  <xs:complexType name="addProductResponse">
    <xs:sequence>
      <xs:element name="return" type="xs:boolean"/>
    </xs:sequence>
  </xs:complexType>
  <xs:complexType name="getProducts">
    <xs:sequence/>
  </xs:complexType>
  <xs:complexType name="getProductsResponse">
    <xs:sequence>
      <xs:element name="return" type="tns:product" minOccurs="0" maxOccurs="unbounded"/>
    </xs:sequence>
  </xs:complexType>
</xs:schema>]]></con:content><con:type>http://www.w3.org/2001/XMLSchema</con:type></con:part></con:definitionCache><con:endpoints><con:endpoint>http://localhost:8080/ws/daws</con:endpoint></con:endpoints><con:operation id="b9d385bb-21c3-401b-8219-66c90bd19a63" isOneWay="false" action="" name="addProduct" bindingOperationName="addProduct" type="Request-Response" inputName="" receivesAttachments="false" sendsAttachments="false" anonymous="optional"><con:settings/><con:call id="43cc873d-56e6-4400-b968-a6c9179505da" name="Request 1"><con:settings><con:setting id="com.eviware.soapui.impl.wsdl.WsdlRequest@request-headers">&lt;xml-fragment/></con:setting></con:settings><con:encoding>UTF-8</con:encoding><con:endpoint>http://localhost:8080/ws/daws</con:endpoint><con:request><![CDATA[<soapenv:Envelope xmlns:soapenv="http://schemas.xmlsoap.org/soap/envelope/" xmlns:ser="http://services.materialpack/">\r
   <soapenv:Header/>\r
   <soapenv:Body>\r
      <ser:addProduct>\r
         <!--Optional:-->\r
         <arg0>\r
            <id>?</id>\r
            <!--Optional:-->\r
            <name>Onduleur XPC</name>\r
            <quantity>80</quantity>\r
         </arg0>\r
      </ser:addProduct>\r
   </soapenv:Body>\r
</soapenv:Envelope>]]></con:request><con:credentials><con:authType>No Authorization</con:authType></con:credentials><con:jmsConfig JMSDeliveryMode="PERSISTENT"/><con:jmsPropertyConfig/><con:wsaConfig mustUnderstand="NONE" version="200508" action="http://services.materialpack/materialServiceImpl/addProductRequest"/><con:wsrmConfig version="1.2"/></con:call></con:operation><con:operation id="eaf8f496-f0bc-42e6-bbb9-04d2da564589" isOneWay="false" action="" name="deleteProductById" bindingOperationName="deleteProductById" type="Request-Response" inputName="" receivesAttachments="false" sendsAttachments="false" anonymous="optional"><con:settings/><con:call id="43abe6ab-d566-4de4-b2bb-c95754cb1f63" name="Request 1"><con:settings><con:setting id="com.eviware.soapui.impl.wsdl.WsdlRequest@request-headers">&lt;xml-fragment/></con:setting></con:settings><con:encoding>UTF-8</con:encoding><con:endpoint>http://localhost:8080/ws/daws</con:endpoint><con:request><![CDATA[<soapenv:Envelope xmlns:soapenv="http://schemas.xmlsoap.org/soap/envelope/" xmlns:ser="http://services.materialpack/">\r
   <soapenv:Header/>\r
   <soapenv:Body>\r
      <ser:deleteProductById>\r
         <arg0>3</arg0>\r
      </ser:deleteProductById>\r
   </soapenv:Body>\r
</soapenv:Envelope>]]></con:request><con:credentials><con:authType>No Authorization</con:authType></con:credentials><con:jmsConfig JMSDeliveryMode="PERSISTENT"/><con:jmsPropertyConfig/><con:wsaConfig mustUnderstand="NONE" version="200508" action="http://services.materialpack/materialServiceImpl/deleteProductByIdRequest"/><con:wsrmConfig version="1.2"/></con:call></con:operation><con:operation id="0d379667-305f-4e45-9034-30d4b3c0235f" isOneWay="false" action="" name="getProductlById" bindingOperationName="getProductlById" type="Request-Response" inputName="" receivesAttachments="false" sendsAttachments="false" anonymous="optional"><con:settings/><con:call id="d32c89eb-9841-4e82-b05f-575fcbb12783" name="Request 1"><con:settings><con:setting id="com.eviware.soapui.impl.wsdl.WsdlRequest@request-headers">&lt;xml-fragment/></con:setting></con:settings><con:encoding>UTF-8</con:encoding><con:endpoint>http://localhost:8080/ws/daws</con:endpoint><con:request><![CDATA[<soapenv:Envelope xmlns:soapenv="http://schemas.xmlsoap.org/soap/envelope/" xmlns:ser="http://services.materialpack/">\r
   <soapenv:Header/>\r
   <soapenv:Body>\r
      <ser:getProductlById>\r
         <arg0>2</arg0>\r
      </ser:getProductlById>\r
   </soapenv:Body>\r
</soapenv:Envelope>]]></con:request><con:credentials><con:authType>No Authorization</con:authType></con:credentials><con:jmsConfig JMSDeliveryMode="PERSISTENT"/><con:jmsPropertyConfig/><con:wsaConfig mustUnderstand="NONE" version="200508" action="http://services.materialpack/materialServiceImpl/getProductlByIdRequest"/><con:wsrmConfig version="1.2"/></con:call></con:operation><con:operation id="275bbbdf-3ce7-4d6e-950f-7dced3dec713" isOneWay="false" action="" name="getProducts" bindingOperationName="getProducts" type="Request-Response" inputName="" receivesAttachments="false" sendsAttachments="false" anonymous="optional"><con:settings/><con:call id="783b10e1-94b7-4411-baf8-fdb301ef1b99" name="Request 1"><con:settings><con:setting id="com.eviware.soapui.impl.wsdl.WsdlRequest@request-headers">&lt;xml-fragment/></con:setting></con:settings><con:encoding>UTF-8</con:encoding><con:endpoint>http://localhost:8080/ws/daws</con:endpoint><con:request><![CDATA[<soapenv:Envelope xmlns:soapenv="http://schemas.xmlsoap.org/soap/envelope/" xmlns:ser="http://services.materialpack/">\r
   <soapenv:Header/>\r
   <soapenv:Body>\r
      <ser:getProducts/>\r
   </soapenv:Body>\r
</soapenv:Envelope>]]></con:request><con:credentials><con:authType>No Authorization</con:authType></con:credentials><con:jmsConfig JMSDeliveryMode="PERSISTENT"/><con:jmsPropertyConfig/><con:wsaConfig mustUnderstand="NONE" version="200508" action="http://services.materialpack/materialServiceImpl/getProductsRequest"/><con:wsrmConfig version="1.2"/></con:call></con:operation><con:operation id="2444dbe1-fd45-4fe2-822b-b2e3005ee228" isOneWay="false" action="" name="updateProduct" bindingOperationName="updateProduct" type="Request-Response" inputName="" receivesAttachments="false" sendsAttachments="false" anonymous="optional"><con:settings/><con:call id="8528a8fa-d797-4518-9036-a82b871191a2" name="Request 1"><con:settings><con:setting id="com.eviware.soapui.impl.wsdl.WsdlRequest@request-headers">&lt;xml-fragment/></con:setting></con:settings><con:encoding>UTF-8</con:encoding><con:endpoint>http://localhost:8080/ws/daws</con:endpoint><con:request><![CDATA[<soapenv:Envelope xmlns:soapenv="http://schemas.xmlsoap.org/soap/envelope/" xmlns:ser="http://services.materialpack/">\r
   <soapenv:Header/>\r
   <soapenv:Body>\r
      <ser:updateProduct>\r
         <!--Optional:-->\r
         <arg0>\r
            <id>2</id>\r
            <!--Optional:-->\r
            <name>Halax</name>\r
            <quantity>70</quantity>\r
         </arg0>\r
      </ser:updateProduct>\r
   </soapenv:Body>\r
</soapenv:Envelope>]]></con:request><con:credentials><con:authType>No Authorization</con:authType></con:credentials><con:jmsConfig JMSDeliveryMode="PERSISTENT"/><con:jmsPropertyConfig/><con:wsaConfig mustUnderstand="NONE" version="200508" action="http://services.materialpack/materialServiceImpl/updateProductRequest"/><con:wsrmConfig version="1.2"/></con:call></con:operation></con:interface><con:properties/><con:wssContainer/><con:oAuth2ProfileContainer/><con:oAuth1ProfileContainer/></con:soapui-project>