<?xml version="1.0" encoding="UTF-8"?>
<con:soapui-project id="55e77a80-70a1-45e5-a388-a8c869423f17" activeEnvironment="Default" name="DAWS" soapui-version="5.6.0" abortOnError="false" runType="SEQUENTIAL" resourceRoot="${projectDir}" xmlns:con="http://eviware.com/soapui/config"><con:settings/><con:interface xsi:type="con:WsdlInterface" id="d783f376-7ea0-4eb8-85cd-c03d37169a72" wsaVersion="NONE" name="dawsServiceImplPortBinding" type="wsdl" bindingName="{http://services.dawspack/}dawsServiceImplPortBinding" soapVersion="1_1" anonymous="optional" definition="http://localhost:8080/ws/daws?wsdl" xmlns:xsi="http://www.w3.org/2001/XMLSchema-instance"><con:settings/><con:definitionCache type="TEXT" rootPart="http://localhost:8080/ws/daws?wsdl"><con:part><con:url>http://localhost:8080/ws/daws?wsdl</con:url><con:content><![CDATA[<!--Published by JAX-WS RI at http://jax-ws.dev.java.net. RI's version is JAX-WS RI 2.2.4-b01.-->
<!--Generated by JAX-WS RI at http://jax-ws.dev.java.net. RI's version is JAX-WS RI 2.2.4-b01.-->
<definitions targetNamespace="http://services.dawspack/" name="dawsServiceImplService" xmlns:wsu="http://docs.oasis-open.org/wss/2004/01/oasis-200401-wss-wssecurity-utility-1.0.xsd" xmlns:wsp="http://www.w3.org/ns/ws-policy" xmlns:wsp1_2="http://schemas.xmlsoap.org/ws/2004/09/policy" xmlns:wsam="http://www.w3.org/2007/05/addressing/metadata" xmlns:soap="http://schemas.xmlsoap.org/wsdl/soap/" xmlns:tns="http://services.dawspack/" xmlns:xsd="http://www.w3.org/2001/XMLSchema" xmlns="http://schemas.xmlsoap.org/wsdl/">
  <types>
    <xsd:schema>
      <xsd:import namespace="http://services.dawspack/" schemaLocation="http://localhost:8080/ws/daws?xsd=1"/>
    </xsd:schema>
  </types>
  <message name="getProducts">
    <part name="parameters" element="tns:getProducts"/>
  </message>
  <message name="getProductsResponse">
    <part name="parameters" element="tns:getProductsResponse"/>
  </message>
  <message name="getProductlById">
    <part name="parameters" element="tns:getProductlById"/>
  </message>
  <message name="getProductlByIdResponse">
    <part name="parameters" element="tns:getProductlByIdResponse"/>
  </message>
  <message name="addProduct">
    <part name="parameters" element="tns:addProduct"/>
  </message>
  <message name="addProductResponse">
    <part name="parameters" element="tns:addProductResponse"/>
  </message>
  <message name="updateProduct">
    <part name="parameters" element="tns:updateProduct"/>
  </message>
  <message name="updateProductResponse">
    <part name="parameters" element="tns:updateProductResponse"/>
  </message>
  <message name="deleteProductById">
    <part name="parameters" element="tns:deleteProductById"/>
  </message>
  <message name="deleteProductByIdResponse">
    <part name="parameters" element="tns:deleteProductByIdResponse"/>
  </message>
  <portType name="dawsServiceImpl">
    <operation name="getProducts">
      <input wsam:Action="http://services.dawspack/dawsServiceImpl/getProductsRequest" message="tns:getProducts"/>
      <output wsam:Action="http://services.dawspack/dawsServiceImpl/getProductsResponse" message="tns:getProductsResponse"/>
    </operation>
    <operation name="getProductlById">
      <input wsam:Action="http://services.dawspack/dawsServiceImpl/getProductlByIdRequest" message="tns:getProductlById"/>
      <output wsam:Action="http://services.dawspack/dawsServiceImpl/getProductlByIdResponse" message="tns:getProductlByIdResponse"/>
    </operation>
    <operation name="addProduct">
      <input wsam:Action="http://services.dawspack/dawsServiceImpl/addProductRequest" message="tns:addProduct"/>
      <output wsam:Action="http://services.dawspack/dawsServiceImpl/addProductResponse" message="tns:addProductResponse"/>
    </operation>
    <operation name="updateProduct">
      <input wsam:Action="http://services.dawspack/dawsServiceImpl/updateProductRequest" message="tns:updateProduct"/>
      <output wsam:Action="http://services.dawspack/dawsServiceImpl/updateProductResponse" message="tns:updateProductResponse"/>
    </operation>
    <operation name="deleteProductById">
      <input wsam:Action="http://services.dawspack/dawsServiceImpl/deleteProductByIdRequest" message="tns:deleteProductById"/>
      <output wsam:Action="http://services.dawspack/dawsServiceImpl/deleteProductByIdResponse" message="tns:deleteProductByIdResponse"/>
    </operation>
  </portType>
  <binding name="dawsServiceImplPortBinding" type="tns:dawsServiceImpl">
    <soap:binding transport="http://schemas.xmlsoap.org/soap/http" style="document"/>
    <operation name="getProducts">
      <soap:operation soapAction=""/>
      <input>
        <soap:body use="literal"/>
      </input>
      <output>
        <soap:body use="literal"/>
      </output>
    </operation>
    <operation name="getProductlById">
      <soap:operation soapAction=""/>
      <input>
        <soap:body use="literal"/>
      </input>
      <output>
        <soap:body use="literal"/>
      </output>
    </operation>
    <operation name="addProduct">
      <soap:operation soapAction=""/>
      <input>
        <soap:body use="literal"/>
      </input>
      <output>
        <soap:body use="literal"/>
      </output>
    </operation>
    <operation name="updateProduct">
      <soap:operation soapAction=""/>
      <input>
        <soap:body use="literal"/>
      </input>
      <output>
        <soap:body use="literal"/>
      </output>
    </operation>
    <operation name="deleteProductById">
      <soap:operation soapAction=""/>
      <input>
        <soap:body use="literal"/>
      </input>
      <output>
        <soap:body use="literal"/>
      </output>
    </operation>
  </binding>
  <service name="dawsServiceImplService">
    <port name="dawsServiceImplPort" binding="tns:dawsServiceImplPortBinding">
      <soap:address location="http://localhost:8080/ws/daws"/>
    </port>
  </service>
</definitions>]]></con:content><con:type>http://schemas.xmlsoap.org/wsdl/</con:type></con:part><con:part><con:url>http://localhost:8080/ws/daws?xsd=1</con:url><con:content><![CDATA[<!--Published by JAX-WS RI at http://jax-ws.dev.java.net. RI's version is JAX-WS RI 2.2.4-b01.-->
<xs:schema version="1.0" targetNamespace="http://services.dawspack/" xmlns:tns="http://services.dawspack/" xmlns:xs="http://www.w3.org/2001/XMLSchema">
  <xs:element name="addProduct" type="tns:addProduct"/>
  <xs:element name="addProductResponse" type="tns:addProductResponse"/>
  <xs:element name="deleteProductById" type="tns:deleteProductById"/>
  <xs:element name="deleteProductByIdResponse" type="tns:deleteProductByIdResponse"/>
  <xs:element name="getProductlById" type="tns:getProductlById"/>
  <xs:element name="getProductlByIdResponse" type="tns:getProductlByIdResponse"/>
  <xs:element name="getProducts" type="tns:getProducts"/>
  <xs:element name="getProductsResponse" type="tns:getProductsResponse"/>
  <xs:element name="updateProduct" type="tns:updateProduct"/>
  <xs:element name="updateProductResponse" type="tns:updateProductResponse"/>
  <xs:complexType name="addProduct">
    <xs:sequence>
      <xs:element name="arg0" type="tns:product" minOccurs="0"/>
    </xs:sequence>
  </xs:complexType>
  <xs:complexType name="product">
    <xs:sequence>
      <xs:element name="id" type="xs:int"/>
      <xs:element name="name" type="xs:string" minOccurs="0"/>
      <xs:element name="quantity" type="xs:int"/>
    </xs:sequence>
  </xs:complexType>
  <xs:complexType name="addProductResponse">
    <xs:sequence>
      <xs:element name="return" type="xs:boolean"/>
    </xs:sequence>
  </xs:complexType>
  <xs:complexType name="getProducts">
    <xs:sequence/>
  </xs:complexType>
  <xs:complexType name="getProductsResponse">
    <xs:sequence>
      <xs:element name="return" type="tns:product" minOccurs="0" maxOccurs="unbounded"/>
    </xs:sequence>
  </xs:complexType>
  <xs:complexType name="getProductlById">
    <xs:sequence>
      <xs:element name="arg0" type="xs:int"/>
    </xs:sequence>
  </xs:complexType>
  <xs:complexType name="getProductlByIdResponse">
    <xs:sequence>
      <xs:element name="return" type="tns:product" minOccurs="0"/>
    </xs:sequence>
  </xs:complexType>
  <xs:complexType name="updateProduct">
    <xs:sequence>
      <xs:element name="arg0" type="tns:product" minOccurs="0"/>
    </xs:sequence>
  </xs:complexType>
  <xs:complexType name="updateProductResponse">
    <xs:sequence>
      <xs:element name="return" type="xs:boolean"/>
    </xs:sequence>
  </xs:complexType>
  <xs:complexType name="deleteProductById">
    <xs:sequence>
      <xs:element name="arg0" type="xs:int"/>
    </xs:sequence>
  </xs:complexType>
  <xs:complexType name="deleteProductByIdResponse">
    <xs:sequence>
      <xs:element name="return" type="xs:boolean"/>
    </xs:sequence>
  </xs:complexType>
</xs:schema>]]></con:content><con:type>http://www.w3.org/2001/XMLSchema</con:type></con:part></con:definitionCache><con:endpoints><con:endpoint>http://localhost:8080/ws/daws</con:endpoint></con:endpoints><con:operation id="1b255727-dc58-4c4b-9e42-5361ac46885b" isOneWay="false" action="" name="addProduct" bindingOperationName="addProduct" type="Request-Response" inputName="" receivesAttachments="false" sendsAttachments="false" anonymous="optional"><con:settings/><con:call id="d2c53371-c69a-4b75-a226-98bf6a6a9826" name="Request 1"><con:settings><con:setting id="com.eviware.soapui.impl.wsdl.WsdlRequest@request-headers">&lt;xml-fragment/></con:setting></con:settings><con:encoding>UTF-8</con:encoding><con:endpoint>http://localhost:8080/ws/daws</con:endpoint><con:request><![CDATA[<soapenv:Envelope xmlns:soapenv="http://schemas.xmlsoap.org/soap/envelope/" xmlns:ser="http://services.dawspack/">\r
   <soapenv:Header/>\r
   <soapenv:Body>\r
      <ser:addProduct>\r
         <!--Optional:-->\r
         <arg0>\r
            <id>?</id>\r
            <!--Optional:-->\r
            <name>Material 1</name>\r
            <quantity>15</quantity>\r
         </arg0>\r
      </ser:addProduct>\r
   </soapenv:Body>\r
</soapenv:Envelope>]]></con:request><con:credentials><con:authType>No Authorization</con:authType></con:credentials><con:jmsConfig JMSDeliveryMode="PERSISTENT"/><con:jmsPropertyConfig/><con:wsaConfig mustUnderstand="NONE" version="200508" action="http://services.dawspack/dawsServiceImpl/addProductRequest"/><con:wsrmConfig version="1.2"/></con:call></con:operation><con:operation id="159fa622-7f2b-4e92-a4cb-7928a999a107" isOneWay="false" action="" name="deleteProductById" bindingOperationName="deleteProductById" type="Request-Response" inputName="" receivesAttachments="false" sendsAttachments="false" anonymous="optional"><con:settings/><con:call id="781c52e4-4948-442b-8f75-a02d98e85946" name="Request 1"><con:settings><con:setting id="com.eviware.soapui.impl.wsdl.WsdlRequest@request-headers">&lt;xml-fragment/></con:setting></con:settings><con:encoding>UTF-8</con:encoding><con:endpoint>http://localhost:8080/ws/daws</con:endpoint><con:request><![CDATA[<soapenv:Envelope xmlns:soapenv="http://schemas.xmlsoap.org/soap/envelope/" xmlns:ser="http://services.dawspack/">\r
   <soapenv:Header/>\r
   <soapenv:Body>\r
      <ser:deleteProductById>\r
         <arg0>4</arg0>\r
      </ser:deleteProductById>\r
   </soapenv:Body>\r
</soapenv:Envelope>]]></con:request><con:credentials><con:authType>No Authorization</con:authType></con:credentials><con:jmsConfig JMSDeliveryMode="PERSISTENT"/><con:jmsPropertyConfig/><con:wsaConfig mustUnderstand="NONE" version="200508" action="http://services.dawspack/dawsServiceImpl/deleteProductByIdRequest"/><con:wsrmConfig version="1.2"/></con:call></con:operation><con:operation id="3b6fafbd-2e13-49b8-879f-ff519e488b63" isOneWay="false" action="" name="getProductlById" bindingOperationName="getProductlById" type="Request-Response" inputName="" receivesAttachments="false" sendsAttachments="false" anonymous="optional"><con:settings/><con:call id="6c268320-63ae-42c5-987c-a601dec6642d" name="Request 1"><con:settings><con:setting id="com.eviware.soapui.impl.wsdl.WsdlRequest@request-headers">&lt;xml-fragment/></con:setting></con:settings><con:encoding>UTF-8</con:encoding><con:endpoint>http://localhost:8080/ws/daws</con:endpoint><con:request><![CDATA[<soapenv:Envelope xmlns:soapenv="http://schemas.xmlsoap.org/soap/envelope/" xmlns:ser="http://services.dawspack/">\r
   <soapenv:Header/>\r
   <soapenv:Body>\r
      <ser:getProductlById>\r
         <arg0>6</arg0>\r
      </ser:getProductlById>\r
   </soapenv:Body>\r
</soapenv:Envelope>]]></con:request><con:credentials><con:authType>No Authorization</con:authType></con:credentials><con:jmsConfig JMSDeliveryMode="PERSISTENT"/><con:jmsPropertyConfig/><con:wsaConfig mustUnderstand="NONE" version="200508" action="http://services.dawspack/dawsServiceImpl/getProductlByIdRequest"/><con:wsrmConfig version="1.2"/></con:call></con:operation><con:operation id="d386fe8f-4c57-4878-b2a5-177cf7eabcff" isOneWay="false" action="" name="getProducts" bindingOperationName="getProducts" type="Request-Response" inputName="" receivesAttachments="false" sendsAttachments="false" anonymous="optional"><con:settings/><con:call id="44f9e53d-08c2-4392-88bc-987a797f3ba2" name="Request 1"><con:settings><con:setting id="com.eviware.soapui.impl.wsdl.WsdlRequest@request-headers">&lt;xml-fragment/></con:setting></con:settings><con:encoding>UTF-8</con:encoding><con:endpoint>http://localhost:8080/ws/daws</con:endpoint><con:request><![CDATA[<soapenv:Envelope xmlns:soapenv="http://schemas.xmlsoap.org/soap/envelope/" xmlns:ser="http://services.dawspack/">\r
   <soapenv:Header/>\r
   <soapenv:Body>\r
      <ser:getProducts/>\r
   </soapenv:Body>\r
</soapenv:Envelope>]]></con:request><con:credentials><con:authType>No Authorization</con:authType></con:credentials><con:jmsConfig JMSDeliveryMode="PERSISTENT"/><con:jmsPropertyConfig/><con:wsaConfig mustUnderstand="NONE" version="200508" action="http://services.dawspack/dawsServiceImpl/getProductsRequest"/><con:wsrmConfig version="1.2"/></con:call></con:operation><con:operation id="ae69f2ad-ee83-4e2b-8cb6-04a3833ef111" isOneWay="false" action="" name="updateProduct" bindingOperationName="updateProduct" type="Request-Response" inputName="" receivesAttachments="false" sendsAttachments="false" anonymous="optional"><con:settings/><con:call id="429f14fa-c3cc-474c-9346-703d52d7674c" name="Request 1"><con:settings><con:setting id="com.eviware.soapui.impl.wsdl.WsdlRequest@request-headers">&lt;xml-fragment/></con:setting></con:settings><con:encoding>UTF-8</con:encoding><con:endpoint>http://localhost:8080/ws/daws</con:endpoint><con:request><![CDATA[<soapenv:Envelope xmlns:soapenv="http://schemas.xmlsoap.org/soap/envelope/" xmlns:ser="http://services.dawspack/">\r
   <soapenv:Header/>\r
   <soapenv:Body>\r
      <ser:updateProduct>\r
         <!--Optional:-->\r
         <arg0>\r
            <id>6</id>\r
            <!--Optional:-->\r
            <name>Material Updated</name>\r
            <quantity>150</quantity>\r
         </arg0>\r
      </ser:updateProduct>\r
   </soapenv:Body>\r
</soapenv:Envelope>]]></con:request><con:credentials><con:authType>No Authorization</con:authType></con:credentials><con:jmsConfig JMSDeliveryMode="PERSISTENT"/><con:jmsPropertyConfig/><con:wsaConfig mustUnderstand="NONE" version="200508" action="http://services.dawspack/dawsServiceImpl/updateProductRequest"/><con:wsrmConfig version="1.2"/></con:call></con:operation></con:interface><con:properties/><con:wssContainer/><con:oAuth2ProfileContainer/><con:oAuth1ProfileContainer/></con:soapui-project>